domain;status;pages_checked;findings;note
24hshop.dk;ok;9;0;"base=https://www.24hshop.dk; sitemap_urls=0; attempts=12"
10-4.dk;ok;30;0;"base=https://www.10-4.dk; sitemap_urls=4000; attempts=32"
3dsaga.com;ok;30;0;"base=https://www.3dsaga.com; sitemap_urls=4000; attempts=32"
a39.dk;ok;30;0;"base=https://a39.dk; sitemap_urls=1562; attempts=35"
absolutkaffe.dk;ok;11;0;"base=https://absolutkaffe.dk; sitemap_urls=0; attempts=16"
aabs.dk;ok;15;0;"base=https://aabs.dk; sitemap_urls=0; attempts=20"
abpettoys.dk;ok;15;0;"base=https://abpettoys.dk; sitemap_urls=0; attempts=20"
417.dk;ok;15;0;"base=https://www.417.dk; sitemap_urls=1500; attempts=20"
abcleg.dk;ok;15;0;"base=https://www.abcleg.dk; sitemap_urls=1500; attempts=20"
aiayu.com;rate_limited;0;0;Forsiden svarede HTTP 429
a4-etiketter.dk;ok;2;0;"base=https://a4-etiketter.dk; sitemap_urls=962; attempts=45"
aiviq.dk;rate_limited;0;0;Forsiden svarede HTTP 429
abashop.dk;ok;8;0;"base=https://abashop.dk; sitemap_urls=1500; attempts=45"
agroland.dk;ok;15;0;"base=https://www.agroland.dk; sitemap_urls=1500; attempts=20"
abrideudstyr.dk;ok;15;0;"base=https://www.abrideudstyr.dk; sitemap_urls=0; attempts=20"
ajscooters.dk;ok;15;0;"base=https://ajscooters.dk; sitemap_urls=612; attempts=18"
akvine.dk;ok;1;0;"base=https://akvine.dk; sitemap_urls=0; attempts=6"
akustikbilleder.dk;ok;15;0;"base=https://akustikbilleder.dk; sitemap_urls=298; attempts=20"
actionshoppen.dk;ok;8;0;"base=https://actionshoppen.dk; sitemap_urls=1500; attempts=45"
aktivguld.com;ok;15;0;"base=https://www.aktivguld.com; sitemap_urls=1500; attempts=20"
adax.dk;ok;4;0;"base=https://adax.dk; sitemap_urls=1500; attempts=45"
1855cru.dk;ok;15;0;"base=https://www.1855cru.dk; sitemap_urls=0; attempts=20"
agroled.dk;ok;15;0;"base=https://www.agroled.dk; sitemap_urls=1500; attempts=20"
amantecopenhagen.dk;rate_limited;0;0;Forsiden svarede HTTP 429
alluneed.dk;ok;1;0;"base=https://alluneed.dk; sitemap_urls=0; attempts=6"
andersen-andersen.com;rate_limited;0;0;Forsiden svarede HTTP 429
alabazar.dk;ok;15;0;"base=https://www.alabazar.dk; sitemap_urls=1284; attempts=17"
andlight.dk;external_redirect;0;0;https://www.andlight.com/dk/
abrask.dk;ok;15;0;"base=https://abrask.dk; sitemap_urls=382; attempts=32"
anewsleep.dk;rate_limited;0;0;Forsiden svarede HTTP 429
alarm365.dk;ok;15;0;"base=https://alarm365.dk; sitemap_urls=164; attempts=14"
airgun.dk;ok;2;0;"base=https://www.airgun.dk; sitemap_urls=1500; attempts=42"
alstrom.dk;ok;2;0;"base=https://alstrom.dk; sitemap_urls=0; attempts=7"
allround-musik.dk;ok;15;0;"base=https://allround-musik.dk; sitemap_urls=0; attempts=20"
anyday.io;ok;15;0;"base=https://www.anyday.io; sitemap_urls=105; attempts=17"
anytimebrovst.dk;ok;15;0;"base=https://anytimebrovst.dk; sitemap_urls=0; attempts=20"
aquatic.dk;rate_limited;0;0;Forsiden svarede HTTP 429
akvatur.dk;ok;15;0;"base=https://akvatur.dk; sitemap_urls=104; attempts=20"
ankshop.dk;ok;15;0;"base=https://ankshop.dk; sitemap_urls=602; attempts=20"
anzo.gl;ok;15;0;"base=https://anzo.gl; sitemap_urls=0; attempts=20"
ascendic.dk;rate_limited;0;0;Forsiden svarede HTTP 429
adaxshop.com;ok;1;0;"base=https://adaxshop.com; sitemap_urls=0; attempts=45"
astmaallergishoppen.dk;rate_limited;0;0;Forsiden svarede HTTP 429
asleepness.com;rate_limited;0;0;Forsiden svarede HTTP 429
aof.dk;ok;15;0;"base=https://aof.dk; sitemap_urls=1500; attempts=20"
alttilcamping.dk;ok;2;0;"base=https://alttilcamping.dk; sitemap_urls=1500; attempts=44"
apoteket-online.dk;ok;15;0;"base=https://apoteket-online.dk; sitemap_urls=1500; attempts=16"
ankerdenmark.dk;ok;15;0;"base=https://ankerdenmark.dk; sitemap_urls=547; attempts=20"
apotekeren.dk;ok;15;0;"base=https://www.apotekeren.dk; sitemap_urls=1500; attempts=19"
auroracph.dk;ok;4;0;"base=https://auroracph.dk; sitemap_urls=0; attempts=6"
av-cables.dk;rate_limited;0;0;Forsiden svarede HTTP 429
avabeauty.dk;rate_limited;0;0;Forsiden svarede HTTP 429
aviendo.dk;rate_limited;0;0;Forsiden svarede HTTP 429
apopro.dk;ok;15;0;"base=https://apopro.dk; sitemap_urls=1500; attempts=16"
apuls.dk;ok;15;0;"base=https://apuls.dk; sitemap_urls=1500; attempts=20"
av-connection.dk;ok;5;0;"base=https://www.av-connection.dk; sitemap_urls=0; attempts=10"
au2tek.dk;ok;15;0;"base=https://au2tek.dk; sitemap_urls=0; attempts=20"
arkuri.dk;ok;12;0;"base=https://www.arkuri.dk; sitemap_urls=1205; attempts=45"
avifauna.dk;ok;15;0;"base=https://avifauna.dk; sitemap_urls=1500; attempts=20"
badebaljen.dk;rate_limited;0;0;Forsiden svarede HTTP 429
aurorawellness.dk;ok;15;0;"base=https://www.aurorawellness.dk; sitemap_urls=574; attempts=21"
babadut.dk;ok;15;0;"base=https://babadut.dk; sitemap_urls=843; attempts=17"
badeshop.dk;rate_limited;0;0;Forsiden svarede HTTP 429
bagestaalet.dk;rate_limited;0;0;Forsiden svarede HTTP 429
axel.dk;ok;15;0;"base=https://www.axel.dk; sitemap_urls=1500; attempts=17"
asetek.com;ok;15;0;"base=https://www.asetek.com; sitemap_urls=1314; attempts=17"
balsalen.dk;rate_limited;0;0;Forsiden svarede HTTP 429
babyriget.dk;ok;15;0;"base=https://www.babyriget.dk; sitemap_urls=0; attempts=20"
bambuni.dk;rate_limited;0;0;Forsiden svarede HTTP 429
babysam.dk;ok;15;0;"base=https://www.babysam.dk; sitemap_urls=1500; attempts=16"
babysutten.dk;ok;15;0;"base=https://www.babysutten.dk; sitemap_urls=0; attempts=20"
barnevognshuset.dk;rate_limited;0;0;Forsiden svarede HTTP 429
bahn-larsen.dk;ok;15;0;"base=https://www.bahn-larsen.dk; sitemap_urls=26; attempts=20"
basicandally.com;rate_limited;0;0;Forsiden svarede HTTP 429
batteri-butik.dk;ok;1;0;"base=https://www.batteri-butik.dk; sitemap_urls=0; attempts=6"
as-kcc.dk;ok;5;0;"base=https://www.as-kcc.dk; sitemap_urls=0; attempts=7"
barworld.com;ok;15;0;"base=https://www.barworld.com; sitemap_urls=0; attempts=14"
babynordic.dk;ok;15;0;"base=https://babynordic.dk; sitemap_urls=176; attempts=20"
autofix.nu;ok;15;0;"base=https://autofix.nu; sitemap_urls=0; attempts=20"
barlife.dk;ok;4;0;"base=https://www.barlife.dk; sitemap_urls=1500; attempts=45"
bamboonordic.dk;ok;15;0;"base=https://bamboonordic.dk; sitemap_urls=226; attempts=20"
beady.fun;rate_limited;0;0;Forsiden svarede HTTP 429
autismeshoppen.dk;ok;15;0;"base=https://autismeshoppen.dk; sitemap_urls=1500; attempts=20"
bautik.dk;ok;15;0;"base=https://bautik.dk; sitemap_urls=0; attempts=20"
barbarullo.com;ok;15;0;"base=https://www.barbarullo.com; sitemap_urls=1500; attempts=21"
batterystore.dk;ok;15;0;"base=https://batterystore.dk; sitemap_urls=0; attempts=20"
bagebixen.dk;ok;15;0;"base=https://bagebixen.dk; sitemap_urls=1500; attempts=25"
beaute-pacifique.com;ok;15;0;"base=https://beaute-pacifique.com; sitemap_urls=771; attempts=20"
bbnshoppen.dk;ok;15;0;"base=https://bbnshoppen.dk; sitemap_urls=1500; attempts=21"
bamboorambo.dk;ok;5;0;"base=https://bamboorambo.dk; sitemap_urls=0; attempts=6"
badstil.dk;ok;15;0;"base=https://www.badstil.dk; sitemap_urls=1500; attempts=20"
beautyspace.dk;ok;15;0;"base=https://beautyspace.dk; sitemap_urls=1500; attempts=29"
bernsteinbad.dk;rate_limited;0;0;Forsiden svarede HTTP 429
bekent.dk;ok;15;0;"base=https://bekent.dk; sitemap_urls=1500; attempts=20"
befro.dk;ok;15;0;"base=https://befro.dk; sitemap_urls=0; attempts=20"
bestsport.dk;ok;2;0;"base=https://bestsport.dk; sitemap_urls=0; attempts=7"
batteribyen.dk;ok;15;0;"base=https://www.batteribyen.dk; sitemap_urls=0; attempts=20"
beba.dk;ok;15;0;"base=https://www.beba.dk; sitemap_urls=1500; attempts=14"
bilbuster.dk;rate_limited;0;0;Forsiden svarede HTTP 429
bedrebegravelse.dk;ok;15;0;"base=https://bedrebegravelse.dk; sitemap_urls=1373; attempts=21"
bedrenaetter.dk;ok;4;0;"base=https://www.bedrenaetter.dk; sitemap_urls=1500; attempts=45"
bedst-billigst.dk;ok;3;0;"base=https://www.bedst-billigst.dk; sitemap_urls=1500; attempts=45"
bedz.dk;ok;15;0;"base=https://bedz.dk; sitemap_urls=761; attempts=20"
billetten.dk;ok;4;0;"base=https://billetten.dk; sitemap_urls=0; attempts=3"
billigehjaelpemidler.dk;rate_limited;0;0;Forsiden svarede HTTP 429
billigkoste.dk;rate_limited;0;0;Forsiden svarede HTTP 429
bilka.dk;ok;15;0;"base=https://www.bilka.dk; sitemap_urls=1500; attempts=19"
billigmobler.dk;rate_limited;0;0;Forsiden svarede HTTP 429
bikeandco.dk;ok;15;0;"base=https://www.bikeandco.dk; sitemap_urls=0; attempts=20"
bijodan.dk;ok;12;0;"base=https://www.bijodan.dk; sitemap_urls=0; attempts=11"
billard.dk;ok;15;0;"base=https://billard.dk; sitemap_urls=0; attempts=14"
bellashop.dk;ok;15;0;"base=https://www.bellashop.dk; sitemap_urls=1500; attempts=19"
bauhaus.dk;ok;15;0;"base=https://www.bauhaus.dk; sitemap_urls=1500; attempts=20"
billetlugen.dk;unreachable;0;0;Kunne ikke åbne HTTP/HTTPS
bels.dk;ok;15;0;"base=https://bels.dk; sitemap_urls=1500; attempts=21"
billigvine.dk;homepage_not_found;0;0;Forsiden svarede HTTP 404
billibi.com;ok;15;0;"base=https://billibi.com; sitemap_urls=0; attempts=14"
billigparfume.dk;ok;15;0;"base=https://www.billigparfume.dk; sitemap_urls=1500; attempts=14"
billigcamping.dk;ok;15;0;"base=https://www.billigcamping.dk; sitemap_urls=0; attempts=14"
billigskabe.dk;ok;15;0;"base=https://www.billigskabe.dk; sitemap_urls=0; attempts=14"
bilmedie.dk;rate_limited;0;0;Forsiden svarede HTTP 429
bio-vitae.dk;rate_limited;0;0;Forsiden svarede HTTP 429
bga.dk;ok;15;0;"base=https://www.bga.dk; sitemap_urls=1500; attempts=21"
billigtshirt.dk;ok;15;0;"base=https://billigtshirt.dk; sitemap_urls=11; attempts=18"
billigsikring.dk;ok;15;0;"base=https://www.billigsikring.dk; sitemap_urls=0; attempts=20"
bisgaardshoes.dk;rate_limited;0;0;Forsiden svarede HTTP 429
bitteunivers.dk;rate_limited;0;0;Forsiden svarede HTTP 429
billigtoner.dk;ok;15;0;"base=https://www.billigtoner.dk; sitemap_urls=1500; attempts=20"
birdhouse.dk;ok;4;0;"base=https://www.birdhouse.dk; sitemap_urls=0; attempts=9"
billyblaek.dk;ok;15;0;"base=https://www.billyblaek.dk; sitemap_urls=1500; attempts=20"
billigmaling.nu;ok;15;0;"base=https://billigmaling.nu; sitemap_urls=423; attempts=28"
bitzliving.com;ok;15;0;"base=https://www.bitzliving.com; sitemap_urls=341; attempts=17"
bioforce.dk;ok;15;0;"base=https://bioforce.dk; sitemap_urls=1402; attempts=20"
billigsport24.dk;ok;15;0;"base=https://www.billigsport24.dk; sitemap_urls=1500; attempts=17"
bizwear.dk;ok;15;0;"base=https://www.bizwear.dk; sitemap_urls=699; attempts=18"
bison-webshop.dk;http_503;0;0;http_503
bjergkaeden.dk;ok;15;0;"base=https://bjergkaeden.dk; sitemap_urls=1500; attempts=16"
bio-dk.dk;ok;2;0;"base=https://www.bio-dk.dk; sitemap_urls=317; attempts=44"
boernecyklerne.dk;rate_limited;0;0;Forsiden svarede HTTP 429
blossom.dk;ok;15;0;"base=https://www.blossom.dk; sitemap_urls=1500; attempts=14"
bog-ide.dk;rate_limited;0;0;Forsiden svarede HTTP 429
bnfarver.dk;ok;4;0;"base=https://bnfarver.dk; sitemap_urls=0; attempts=9"
bm-fitness.dk;ok;15;0;"base=https://bm-fitness.dk; sitemap_urls=0; attempts=20"
bogstaverogtal.dk;ok;2;0;"base=https://www.bogstaverogtal.dk; sitemap_urls=0; attempts=7"
boligretning.dk;rate_limited;0;0;Forsiden svarede HTTP 429
bmradio.dk;ok;15;0;"base=https://bmradio.dk; sitemap_urls=0; attempts=20"
bolig-kilden.dk;ok;2;0;"base=https://bolig-kilden.dk; sitemap_urls=0; attempts=7"
billigvvs.dk;ok;15;0;"base=https://www.billigvvs.dk; sitemap_urls=1500; attempts=17"
billigskadedyr.dk;ok;15;0;"base=https://billigskadedyr.dk; sitemap_urls=794; attempts=20"
bonsavon.dk;rate_limited;0;0;Forsiden svarede HTTP 429
boody.dk;rate_limited;0;0;Forsiden svarede HTTP 429
blicherfuglsang.dk;ok;15;1;"base=https://blicherfuglsang.dk; sitemap_urls=0; attempts=20"
bk-pack.dk;ok;15;0;"base=https://bk-pack.dk; sitemap_urls=392; attempts=20"
bog-mystik.dk;ok;15;0;"base=https://www.bog-mystik.dk; sitemap_urls=1500; attempts=20"
bolind.dk;ok;15;0;"base=https://bolind.dk; sitemap_urls=991; attempts=20"
boxquiz.dk;rate_limited;0;0;Forsiden svarede HTTP 429
body-sds.dk;ok;15;0;"base=https://body-sds.dk; sitemap_urls=1360; attempts=20"
braemer-jensen.dk;rate_limited;0;0;Forsiden svarede HTTP 429
boliglover.dk;ok;15;0;"base=https://boliglover.dk; sitemap_urls=1500; attempts=20"
boerkopcykler.dk;ok;15;0;"base=https://boerkopcykler.dk; sitemap_urls=1500; attempts=19"
bnaboardshop.dk;ok;14;0;"base=https://www.bnaboardshop.dk; sitemap_urls=1500; attempts=45"
boltelageret.dk;ok;15;0;"base=https://www.boltelageret.dk; sitemap_urls=0; attempts=14"
bondeboutique.dk;ok;15;0;"base=https://bondeboutique.dk; sitemap_urls=0; attempts=20"
bonlulu.dk;ok;15;0;"base=https://bonlulu.dk; sitemap_urls=0; attempts=20"
breathenordic.dk;rate_limited;0;0;Forsiden svarede HTTP 429
boshop.dk;ok;5;0;"base=https://www.boshop.dk; sitemap_urls=0; attempts=7"
brogaarden.eu;rate_limited;0;0;Forsiden svarede HTTP 429
br.dk;ok;15;0;"base=https://www.br.dk; sitemap_urls=1500; attempts=17"
brugteski.dk;rate_limited;0;0;Forsiden svarede HTTP 429
br-electronic.dk;ok;15;0;"base=https://br-electronic.dk; sitemap_urls=0; attempts=20"
bubbleroom.dk;rate_limited;0;0;Forsiden svarede HTTP 429
brdr-sorensen.com;ok;15;0;"base=https://www.brdr-sorensen.com; sitemap_urls=1500; attempts=22"
braendeovns-shoppen.dk;ok;15;0;"base=https://braendeovns-shoppen.dk; sitemap_urls=1500; attempts=20"
butik24.dk;rate_limited;0;0;Forsiden svarede HTTP 429
brdr-friis.dk;ok;15;0;"base=https://www.brdr-friis.dk; sitemap_urls=1500; attempts=20"
boozt.com;ok;11;0;"base=https://www.boozt.com; sitemap_urls=0; attempts=20"
brondsholm.dk;ok;15;0;"base=https://brondsholm.dk; sitemap_urls=1500; attempts=16"
buump.com;rate_limited;0;0;Forsiden svarede HTTP 429
botex.dk;ok;15;0;"base=https://www.botex.dk; sitemap_urls=1500; attempts=20"
byens-it.dk;blocked;0;0;Forsiden afviste crawleren (HTTP 401/403)
byfroberg.dk;unreachable;0;0;Kunne ikke åbne HTTP/HTTPS
brushh.dk;ok;15;0;"base=https://brushh.dk; sitemap_urls=0; attempts=20"
brugskunst.dk;ok;15;0;"base=https://www.brugskunst.dk; sitemap_urls=0; attempts=20"
brasholt.nu;ok;15;0;"base=https://brasholt.nu; sitemap_urls=1500; attempts=19"
bygholm-online.dk;ok;15;0;"base=https://www.bygholm-online.dk; sitemap_urls=1500; attempts=15"
buursamsoe.dk;ok;15;0;"base=https://buursamsoe.dk; sitemap_urls=0; attempts=20"
butterflyshop.dk;ok;15;0;"base=https://butterflyshop.dk; sitemap_urls=0; attempts=14"
byfrey.dk;ok;15;0;"base=https://byfrey.dk; sitemap_urls=0; attempts=20"
bystaer.dk;rate_limited;0;0;Forsiden svarede HTTP 429
brandshop.dk;ok;15;0;"base=https://brandshop.dk; sitemap_urls=1213; attempts=20"
bygma.dk;ok;15;0;"base=https://bygma.dk; sitemap_urls=1500; attempts=20"
bumleshoppen.dk;ok;15;1;"base=https://bumleshoppen.dk; sitemap_urls=1098; attempts=26"
butiklunden.dk;ok;10;0;"base=https://www.butiklunden.dk; sitemap_urls=0; attempts=9"
bredstenbiobraendsel.dk;ok;15;0;"base=https://bredstenbiobraendsel.dk; sitemap_urls=243; attempts=20"
bykalstrup.dk;ok;15;0;"base=https://bykalstrup.dk; sitemap_urls=1500; attempts=14"
byggmax.dk;ok;15;0;"base=https://www.byggmax.dk; sitemap_urls=1338; attempts=20"
butik.legoglektie.dk;ok;15;0;"base=https://butik.legoglektie.dk; sitemap_urls=1500; attempts=20"
bymeyland.dk;ok;15;0;"base=https://www.bymeyland.dk; sitemap_urls=538; attempts=20"
bygxtra.dk;ok;15;0;"base=https://www.bygxtra.dk; sitemap_urls=1398; attempts=20"
bymain.dk;ok;15;1;"base=https://bymain.dk; sitemap_urls=640; attempts=21"
